batch_number,status,title,template_type,volume,kdi,tier,cluster_capture_potential,proposed_article_title,page_purpose,category
4,not_started,ground turkey recipe,recipe_or_dish,9900.0,25.0,Tier 1,9900.0,ground turkey recipe,seo_target,allrecipes_mobile_find
4,not_started,li hing mui,recipe_or_dish,9900.0,28.0,Tier 1,9900.0,li hing mui,seo_target,allrecipes_mobile_find
4,not_started,irish cream liqueur,recipe_or_dish,9900.0,23.0,Tier 1,9900.0,irish cream liqueur,seo_target,allrecipes_mobile_find
4,not_started,rainbow cake rainbow,recipe_or_dish,9900.0,20.0,Tier 1,9900.0,Rainbow Cake Rainbow Recipe,seo_target,
4,not_started,white zinfandel,ingredient_hub,9900.0,21.0,Tier 1,9900.0,White Zinfandel Recipe,seo_target,
4,not_started,marry me chicken crock pot,recipe_or_dish,9900.0,26.0,Tier 1,9900.0,Marry Chicken Crock Pot Recipe,seo_target,
4,not_started,cherry and tomato,recipe_or_dish,9900.0,24.0,Tier 1,9900.0,Cherry Tomato Recipe,seo_target,
4,not_started,chipotle mayo,ingredient_hub,9900.0,27.0,Tier 1,9900.0,Chipotle Mayo Recipe,seo_target,
4,not_started,nori seaweed,ingredient_hub,9900.0,24.0,Tier 1,9900.0,Nori Seaweed Recipe,seo_target,
4,not_started,smiley fries,ingredient_hub,9900.0,22.0,Tier 1,9900.0,Smiley Fries Recipe,seo_target,
4,not_started,low fat peanut butter,recipe_or_dish,9900.0,29.0,Tier 1,9900.0,Low Fat Peanut Butter Recipe,seo_target,
4,not_started,elephant ears food,recipe_or_dish,9900.0,29.0,Tier 1,9900.0,Elephant Ear Food Recipe,seo_target,
4,not_started,eel sushi,ingredient_hub,9900.0,26.0,Tier 1,9900.0,Eel Sushi Recipe,seo_target,
4,not_started,cold brew cafetiere,recipe_or_dish,9900.0,28.0,Tier 1,9900.0,Cold Brew Cafetiere Recipe,seo_target,
4,not_started,pan seared chicken breast,recipe_or_dish,9900.0,22.0,Tier 1,9900.0,Pan Seared Chicken Breast Recipe,seo_target,
4,not_started,brisket rub,ingredient_hub,9900.0,27.0,Tier 1,9900.0,Brisket Rub Recipe,seo_target,
4,not_started,kings hawaiian sliders,recipe_or_dish,9900.0,29.0,Tier 1,9900.0,King Hawaiian Slider Recipe,seo_target,
4,not_started,soup season,ingredient_hub,9900.0,12.0,Tier 1,9900.0,Soup Season Recipe,seo_target,
4,not_started,flap steak,ingredient_hub,9900.0,25.0,Tier 1,9900.0,Flap Steak Recipe,seo_target,
4,not_started,finger food,ingredient_hub,9900.0,29.0,Tier 1,9900.0,Finger Food Recipe,seo_target,
4,not_started,grumpy old man drink,recipe_or_dish,9900.0,8.0,Tier 1,9900.0,Grumpy Old Man Drink Recipe,seo_target,
4,not_started,morir sonando,ingredient_hub,9900.0,25.0,Tier 1,9900.0,Morir Sonando Recipe,seo_target,
4,not_started,how to make spaghetti squash,howto_technique,9900.0,28.0,Tier 1,9900.0,how to make spaghetti squash,seo_target,allrecipes_mobile_find
4,not_started,spring mix,ingredient_hub,9900.0,25.0,Tier 1,9900.0,Spring Mix Recipe,seo_target,
4,not_started,italian wedding cookies,recipe_or_dish,9900.0,25.0,Tier 1,9900.0,Italian Wedding Cookies Recipe,seo_target,
4,not_started,diced tomatoes,ingredient_hub,9900.0,24.0,Tier 1,9900.0,Diced Tomatoe Recipe,seo_target,
4,not_started,pho ga,ingredient_hub,9900.0,27.0,Tier 1,9900.0,Pho Ga Recipe,seo_target,
4,not_started,airhead bites,ingredient_hub,9900.0,19.0,Tier 1,9900.0,Airhead Bite Recipe,seo_target,
4,not_started,chile pasilla,ingredient_hub,9900.0,24.0,Tier 1,9900.0,Chile Pasilla Recipe,seo_target,
4,not_started,chips and salsa,recipe_or_dish,9900.0,21.0,Tier 1,9900.0,Chips Salsa Recipe,seo_target,
4,not_started,how to thicken soup,howto_technique,9900.0,24.0,Tier 1,9900.0,Thicken Soup Recipe,seo_target,
4,not_started,italian sub recipe,recipe_or_dish,9900.0,25.0,Tier 1,9900.0,Italian Sub Recipe,seo_target,
4,not_started,when is watermelon season,recipe_or_dish,9900.0,20.0,Tier 1,9900.0,When Watermelon Season Recipe,seo_target,
4,not_started,egg in a hole,recipe_or_dish,9900.0,24.0,Tier 1,9900.0,Egg Hole Recipe,seo_target,
4,not_started,little debbie boston creme pies,recipe_or_dish,9900.0,19.0,Tier 1,9900.0,little debbie boston creme pies,seo_target,brand_news_reactive
4,not_started,mini beer shot,recipe_or_dish,9900.0,26.0,Tier 1,9900.0,Mini Beer Shot Recipe,seo_target,
4,not_started,vaca frita,ingredient_hub,9900.0,24.0,Tier 1,9900.0,Vaca Frita Recipe,seo_target,
4,not_started,Steak Sandwich Recipe,recipe_or_dish,9900.0,26.0,Tier 1,9900.0,Steak Sandwich Recipe,seo_target,
4,not_started,minted tea,ingredient_hub,9900.0,17.0,Tier 1,9900.0,Minted Tea Recipe,seo_target,
4,not_started,Chocolate Torte,ingredient_hub,9900.0,23.0,Tier 1,9900.0,Chocolate Torte Recipe,seo_target,
4,not_started,egg wash recipe,recipe_or_dish,9900.0,22.0,Tier 1,9900.0,Egg Wash Recipe,seo_target,
4,not_started,boston baked beans candy,recipe_or_dish,9900.0,9.0,Tier 1,9900.0,Boston Baked Beans Candy Recipe,seo_target,
4,not_started,koobideh,ingredient_hub,9900.0,29.0,Tier 1,9900.0,Koobideh Recipe,seo_target,
4,not_started,sugar free chocolate chips,recipe_or_dish,9900.0,26.0,Tier 1,9900.0,Sugar Free Chocolate Chips Recipe,seo_target,
4,not_started,Tempura Batter Recipe Light and Crispy,recipe_or_dish,9900.0,26.0,Tier 1,9900.0,Tempura Batter Light Crispy Recipe,seo_target,
4,not_started,instant pot pulled pork,recipe_or_dish,9900.0,20.0,Tier 1,9900.0,Instant Pot Pulled Pork Recipe,seo_target,
4,not_started,dijon mustard,ingredient_hub,9900.0,26.0,Tier 1,9900.0,Dijon Mustard Recipe,seo_target,
4,not_started,summer dinner food,recipe_or_dish,9900.0,28.0,Tier 1,9900.0,Summer Dinner Food Recipe,seo_target,
4,not_started,how to thaw chicken fast,howto_technique,9900.0,29.0,Tier 1,9900.0,Thaw Chicken Fast Recipe,seo_target,
4,not_started,pickle chips,ingredient_hub,9900.0,18.0,Tier 1,9900.0,Pickle Chips Recipe,seo_target,
4,not_started,sweet and sour mix,recipe_or_dish,9900.0,29.0,Tier 1,9900.0,Sweet Sour Mix Recipe,seo_target,
4,not_started,jerk sauce,ingredient_hub,9900.0,23.0,Tier 1,9900.0,Jerk Sauce Recipe,seo_target,
4,not_started,super greens panda express,recipe_or_dish,9900.0,21.0,Tier 1,9900.0,Super Greens Panda Express Recipe,seo_target,
4,not_started,hot sauce recipe,recipe_or_dish,9900.0,23.0,Tier 1,9900.0,Hot Sauce Recipe,seo_target,
4,not_started,biko,ingredient_hub,9900.0,22.0,Tier 1,9900.0,Biko Recipe,seo_target,
4,not_started,macaroni hacks,ingredient_hub,9900.0,29.0,Tier 1,9900.0,Macaroni Hack Recipe,seo_target,
4,not_started,gluten free egg noodles,recipe_or_dish,9900.0,16.0,Tier 1,9900.0,Gluten Free Egg Noodles Recipe,seo_target,
4,not_started,beef chuck,ingredient_hub,9900.0,24.0,Tier 1,9900.0,"Beef Chuck: Uses, Substitutes & Recipes",seo_target,proteins
4,not_started,tamarind sauce,ingredient_hub,9900.0,10.0,Tier 1,9900.0,Tamarind Sauce Recipe,seo_target,
4,not_started,katsuobushi,ingredient_hub,9900.0,28.0,Tier 1,9900.0,"Katsuobushi: Uses, Substitutes & Recipes",seo_target,cuisine_specialty
4,not_started,mayocoba beans,ingredient_hub,9900.0,20.0,Tier 1,9900.0,Mayocoba Beans Recipe,seo_target,
4,not_started,poblano pepper recipes,recipe_or_dish,9900.0,20.0,Tier 1,9900.0,Poblano Pepper Recipe,seo_target,
4,not_started,dried dates,ingredient_hub,9900.0,28.0,Tier 1,9900.0,Dried Date Recipe,seo_target,
4,not_started,Quark Cheese,ingredient_hub,9900.0,24.0,Tier 1,9900.0,Quark Cheese Recipe,seo_target,
4,not_started,chicken parm sandwich,recipe_or_dish,9900.0,25.0,Tier 1,9900.0,Chicken Parm Sandwich Recipe,seo_target,
4,not_started,cotija cheese substitute,substitute,9900.0,25.0,Tier 1,9900.0,Best Substitutes for Cotija Cheese,seo_target,
4,not_started,hodge podge,ingredient_hub,9900.0,24.0,Tier 1,9900.0,Hodge Podge Recipe,seo_target,
4,not_started,japanese condiment,ingredient_hub,9900.0,19.0,Tier 1,9900.0,Japanese Condiment Recipe,seo_target,
4,not_started,boneless turkey breast,recipe_or_dish,9900.0,22.0,Tier 1,9900.0,Boneless Turkey Breast Recipe,seo_target,
4,not_started,how to open wine bottle without corkscrew,howto_technique,9900.0,20.0,Tier 1,9900.0,Open Wine Bottle Without Corkscrew Recipe,seo_target,
4,not_started,sun tea,ingredient_hub,9900.0,27.0,Tier 1,9900.0,Sun Tea Recipe,seo_target,
4,not_started,pumpkin cinnamon rolls,recipe_or_dish,9900.0,25.0,Tier 1,9900.0,Pumpkin Cinnamon Roll Recipe,seo_target,
4,not_started,ham and beans recipe,recipe_or_dish,9900.0,25.0,Tier 1,9900.0,Ham Beans Recipe,seo_target,
4,not_started,Sherry Vinegar,ingredient_hub,9900.0,19.0,Tier 1,9900.0,Sherry Vinegar Recipe,seo_target,
4,not_started,burger and fries,recipe_or_dish,9900.0,28.0,Tier 1,9900.0,Burger Fries Recipe,seo_target,
4,not_started,white strawberry,ingredient_hub,9900.0,26.0,Tier 1,9900.0,White Strawberry Recipe,seo_target,
4,not_started,chicken patties,ingredient_hub,9900.0,25.0,Tier 1,9900.0,Chicken Patty Recipe,seo_target,
4,not_started,bibb lettuce,ingredient_hub,9900.0,29.0,Tier 1,9900.0,Bibb Lettuce Recipe,seo_target,
4,not_started,gluten free puff pastry,recipe_or_dish,9900.0,25.0,Tier 1,9900.0,Gluten Free Puff Pastry Recipe,seo_target,
4,not_started,puerto rican pasteles,recipe_or_dish,9900.0,28.0,Tier 1,9900.0,Puerto Rican Pastele Recipe,seo_target,
4,not_started,pistachio paste,ingredient_hub,9900.0,24.0,Tier 1,9900.0,Pistachio Paste Recipe,seo_target,
4,not_started,tortely,ingredient_hub,9900.0,25.0,Tier 1,9900.0,Tortely Recipe,seo_target,
4,not_started,irish oats recipes,recipe_or_dish,9900.0,25.0,Tier 1,9900.0,Irish Oats Recipe,seo_target,
4,not_started,entremet,ingredient_hub,9900.0,29.0,Tier 1,9900.0,Entremet Recipe,seo_target,
4,not_started,baby shower food,recipe_or_dish,9900.0,28.0,Tier 1,9900.0,Baby Shower Food Recipe,seo_target,
4,not_started,mexican chorizo,ingredient_hub,9900.0,24.0,Tier 1,9900.0,Mexican Chorizo Recipe,seo_target,
4,not_started,shiitake,ingredient_hub,9900.0,28.0,Tier 1,9900.0,Shiitake Recipe,seo_target,
4,not_started,what is evoo,definition,9900.0,12.0,Tier 1,9900.0,What Is Evoo? (And How to Use It),seo_target,
4,not_started,butter chicken vs tikka masala,comparison,9900.0,8.0,Tier 1,9900.0,Butter Chicken vs. Tikka Masala: What's the Difference?,seo_target,
4,not_started,gluten free granola,recipe_or_dish,9900.0,25.0,Tier 1,9900.0,Gluten Free Granola Recipe,seo_target,
4,not_started,gruyere cheese substitute,substitute,9900.0,23.0,Tier 1,9900.0,Best Substitutes for Gruyere Cheese,seo_target,
4,not_started,scungilli,ingredient_hub,9900.0,27.0,Tier 1,9900.0,Scungilli Recipe,seo_target,
4,not_started,healthy protein snacks,recipe_or_dish,9900.0,29.0,Tier 1,9900.0,Healthy Protein Snack Recipe,seo_target,
4,not_started,what is the moonshine,definition,9900.0,20.0,Tier 1,9900.0,What Is Moonshine? (And How to Use It),seo_target,
4,not_started,hondashi,ingredient_hub,9900.0,29.0,Tier 1,9900.0,Hondashi Recipe,seo_target,
4,not_started,country ribs recipe,recipe_or_dish,9900.0,25.0,Tier 1,9900.0,Country Ribs Recipe,seo_target,
4,not_started,queso cotija,ingredient_hub,9900.0,19.0,Tier 1,9900.0,Queso Cotija Recipe,seo_target,
4,not_started,cajun seafood boil recipe,recipe_or_dish,9900.0,29.0,Tier 1,9900.0,Cajun Seafood Boil Recipe,seo_target,
4,not_started,seafood seasoning,ingredient_hub,9900.0,18.0,Tier 1,9900.0,Seafood Seasoning Recipe,seo_target,
4,not_started,garlic chives,ingredient_hub,9900.0,29.0,Tier 1,9900.0,Garlic Chive Recipe,seo_target,
4,not_started,keto recipes for dinner,recipe_or_dish,9900.0,21.0,Tier 1,9900.0,Keto Dinner Recipe,seo_target,
4,not_started,air fryer corn on the cob,recipe_or_dish,9900.0,26.0,Tier 1,9900.0,Air Fryer Corn Cob Recipe,seo_target,
4,not_started,cinnamon tea,ingredient_hub,9900.0,29.0,Tier 1,9900.0,Cinnamon Tea Recipe,seo_target,
4,not_started,what is bolognese,definition,9900.0,23.0,Tier 1,9900.0,What Is Bolognese? (And How to Use It),seo_target,
4,not_started,dried pinto beans,recipe_or_dish,9900.0,29.0,Tier 1,9900.0,Dried Pinto Beans Recipe,seo_target,
4,not_started,vegan snacks,ingredient_hub,9900.0,18.0,Tier 1,9900.0,Vegan Snack Recipe,seo_target,
4,not_started,curacao drink,ingredient_hub,9900.0,28.0,Tier 1,9900.0,Curacao Drink Recipe,seo_target,
4,not_started,how to cook orzo,howto_technique,9900.0,27.0,Tier 1,9900.0,Orzo Recipe,seo_target,
4,not_started,tortelloni,ingredient_hub,9900.0,21.0,Tier 1,9900.0,Tortelloni Recipe,seo_target,
4,not_started,frozen burritos,ingredient_hub,9900.0,28.0,Tier 1,9900.0,Frozen Burritos Recipe,seo_target,
4,not_started,pork sausage,ingredient_hub,9900.0,18.0,Tier 1,9900.0,Pork Sausage Recipe,seo_target,
4,not_started,hojicha latte,ingredient_hub,9900.0,13.0,Tier 1,9900.0,Hojicha Latte Recipe,seo_target,
4,not_started,ham and cheese croissant,recipe_or_dish,9900.0,29.0,Tier 1,9900.0,Ham Cheese Croissant Recipe,seo_target,
4,not_started,raclette,ingredient_hub,9900.0,24.0,Tier 1,9900.0,Raclette Recipe,seo_target,
4,not_started,baked chips,ingredient_hub,9900.0,29.0,Tier 1,9900.0,Baked Chips Recipe,seo_target,
4,not_started,kid friendly dinner ideas,recipe_or_dish,9900.0,26.0,Tier 1,9900.0,Kid Friendly Dinner Idea Recipe,seo_target,
4,not_started,pizza base gluten free,recipe_or_dish,9900.0,29.0,Tier 1,9900.0,Pizza Base Gluten Free Recipe,seo_target,
4,not_started,peanuts honey,ingredient_hub,9900.0,19.0,Tier 1,9900.0,Peanut Honey Recipe,seo_target,
4,not_started,aji amarillo paste,recipe_or_dish,9900.0,19.0,Tier 1,9900.0,Aji Amarillo Paste Recipe,seo_target,
4,not_started,dairy free butter,recipe_or_dish,9900.0,19.0,Tier 1,9900.0,Dairy Free Butter Recipe,seo_target,
4,not_started,frosted cookies,ingredient_hub,9900.0,27.0,Tier 1,9900.0,Frosted Cookies Recipe,seo_target,
4,not_started,riblets,ingredient_hub,9900.0,20.0,Tier 1,9900.0,Riblet Recipe,seo_target,
4,not_started,frutti di mare,recipe_or_dish,9900.0,17.0,Tier 1,9900.0,Frutti Di Mare Recipe,seo_target,
4,not_started,duxelles,ingredient_hub,9900.0,27.0,Tier 1,9900.0,Duxelle Recipe,seo_target,
4,not_started,spiral pasta,ingredient_hub,9900.0,27.0,Tier 1,9900.0,Spiral Pasta Recipe,seo_target,
4,not_started,beef tendon,ingredient_hub,9900.0,13.0,Tier 1,9900.0,Beef Tendon Recipe,seo_target,
4,not_started,labne,ingredient_hub,9900.0,21.0,Tier 1,9900.0,Labne Recipe,seo_target,
4,not_started,mango habanero sauce,recipe_or_dish,9900.0,16.0,Tier 1,9900.0,Mango Habanero Sauce Recipe,seo_target,
4,not_started,panela cheese,ingredient_hub,9900.0,26.0,Tier 1,9900.0,Panela Cheese Recipe,seo_target,
4,not_started,gin fizz,ingredient_hub,9900.0,21.0,Tier 1,9900.0,Gin Fizz Recipe,seo_target,
4,not_started,almond flour,ingredient_hub,9900.0,24.0,Tier 1,9900.0,Almond Flour Recipe,seo_target,
4,not_started,how to cork a wine bottle,howto_technique,9900.0,27.0,Tier 1,9900.0,Cork Wine Bottle Recipe,seo_target,
4,not_started,navy bean soup recipe,recipe_or_dish,9900.0,27.0,Tier 1,9900.0,Navy Bean Soup Recipe,seo_target,
4,not_started,turkey day dishes,recipe_or_dish,9900.0,13.0,Tier 1,9900.0,Turkey Day Dishe Recipe,seo_target,
4,not_started,low sugar granola,recipe_or_dish,9900.0,13.0,Tier 1,9900.0,Low Sugar Granola Recipe,seo_target,
4,not_started,greek lemon chicken soup,recipe_or_dish,9900.0,26.0,Tier 1,9900.0,Greek Lemon Chicken Soup Recipe,seo_target,
4,not_started,peanut butter rice krispie treats,recipe_or_dish,9900.0,25.0,Tier 1,9900.0,Peanut Butter Rice Krispie Treat Recipe,seo_target,
4,not_started,meat sauce recipe,recipe_or_dish,9900.0,23.0,Tier 1,9900.0,Meat Sauce Recipe,seo_target,
4,not_started,carne de res,recipe_or_dish,9900.0,28.0,Tier 1,9900.0,Carne De Res Recipe,seo_target,
4,not_started,che thai,ingredient_hub,9900.0,27.0,Tier 1,9900.0,Che Thai Recipe,seo_target,
4,not_started,pepper sous,ingredient_hub,9900.0,24.0,Tier 1,9900.0,Pepper Sous Recipe,seo_target,
4,not_started,irish beer,ingredient_hub,9900.0,18.0,Tier 1,9900.0,Irish Beer Recipe,seo_target,
4,not_started,sweet and saltines,recipe_or_dish,9900.0,26.0,Tier 1,9900.0,Sweet Saltine Recipe,seo_target,
4,not_started,recipes for oriental noodles,recipe_or_dish,9900.0,28.0,Tier 1,9900.0,Oriental Noodles Recipe,seo_target,
4,not_started,gluten free pizza dough,recipe_or_dish,9900.0,25.0,Tier 1,9900.0,Gluten Free Pizza Dough Recipe,seo_target,
4,not_started,ground venison recipes,recipe_or_dish,9900.0,19.0,Tier 1,9900.0,Ground Venison Recipe,seo_target,
4,not_started,Piroshki,ingredient_hub,9900.0,25.0,Tier 1,9900.0,Piroshki Recipe,seo_target,
4,not_started,chocolate chip cookies milk,recipe_or_dish,9900.0,23.0,Tier 1,9900.0,Chocolate Chip Cookies Milk Recipe,seo_target,
4,not_started,how to cook black beans,howto_technique,9900.0,26.0,Tier 1,9900.0,Black Beans Recipe,seo_target,
4,not_started,frozen dinner rolls,recipe_or_dish,9900.0,15.0,Tier 1,9900.0,Frozen Dinner Roll Recipe,seo_target,
4,not_started,jello poke cake,recipe_or_dish,9900.0,27.0,Tier 1,9900.0,Jello Poke Cake Recipe,seo_target,
4,not_started,dairy free desserts,recipe_or_dish,9900.0,16.0,Tier 1,9900.0,Dairy Free Dessert Recipe,seo_target,
4,not_started,lamb vindaloo,ingredient_hub,9900.0,18.0,Tier 1,9900.0,Lamb Vindaloo Recipe,seo_target,
4,not_started,korean grocery store,recipe_or_dish,9900.0,28.0,Tier 1,9900.0,Korean Grocery Store Recipe,seo_target,
4,not_started,clear soup,ingredient_hub,9900.0,27.0,Tier 1,9900.0,Clear Soup Recipe,seo_target,
4,not_started,high protein vegetarian meals,recipe_or_dish,9900.0,27.0,Tier 1,9900.0,High Protein Vegetarian Meal Recipe,seo_target,
4,not_started,semolina pasta,ingredient_hub,9900.0,27.0,Tier 1,9900.0,Semolina Pasta Recipe,seo_target,
4,not_started,i d l i,recipe_or_dish,9900.0,28.0,Tier 1,9900.0,D L Recipe,seo_target,
4,not_started,halloween cocktails,ingredient_hub,9900.0,27.0,Tier 1,9900.0,Halloween Cocktail Recipe,seo_target,
4,not_started,what are tapas,recipe_or_dish,9900.0,27.0,Tier 1,9900.0,What Are Tapas Recipe,seo_target,
4,not_started,how do you keep ginger,recipe_or_dish,9900.0,29.0,Tier 1,9900.0,Keep Ginger Recipe,seo_target,
4,not_started,caramel cake,ingredient_hub,9900.0,26.0,Tier 1,9900.0,Caramel Cake Recipe,seo_target,
4,not_started,how to thicken sauce,howto_technique,9900.0,18.0,Tier 1,9900.0,Thicken Sauce Recipe,seo_target,
4,not_started,blueberry syrup,ingredient_hub,9900.0,17.0,Tier 1,9900.0,Blueberry Syrup Recipe,seo_target,
4,not_started,english muffin for eggs benedict,recipe_or_dish,9900.0,22.0,Tier 1,9900.0,English Muffin Egg Benedict Recipe,seo_target,
4,not_started,red potato salad,recipe_or_dish,9900.0,25.0,Tier 1,9900.0,Red Potato Salad Recipe,seo_target,
4,not_started,What Is Boudin,definition,9900.0,29.0,Tier 1,9900.0,What Is Boudin? (And How to Use It),seo_target,
4,not_started,is couscous gluten free,recipe_or_dish,9900.0,25.0,Tier 1,9900.0,Is Couscous Gluten Free? Complete Guide,seo_target,
4,not_started,kosher dill pickles,recipe_or_dish,9900.0,29.0,Tier 1,9900.0,Kosher Dill Pickles Recipe,seo_target,
4,not_started,black eyed peas new years,recipe_or_dish,9900.0,20.0,Tier 1,9900.0,Black Eyed Pea New Year Recipe,seo_target,
4,not_started,almond croissant,ingredient_hub,9900.0,27.0,Tier 1,9900.0,Almond Croissant Recipe,seo_target,
4,not_started,how to pickle cucumbers,howto_technique,9900.0,25.0,Tier 1,9900.0,Pickle Cucumber Recipe,seo_target,
4,not_started,searing,ingredient_hub,9900.0,28.0,Tier 1,9900.0,Searing Recipe,seo_target,
4,not_started,tamari sauce,ingredient_hub,9900.0,22.0,Tier 1,9900.0,Tamari Sauce Recipe,seo_target,
4,not_started,lumpia wrappers,ingredient_hub,9900.0,28.0,Tier 1,9900.0,Lumpia Wrapper Recipe,seo_target,
4,not_started,veal scallopini,ingredient_hub,9900.0,14.0,Tier 1,9900.0,Veal Scallopini Recipe,seo_target,
4,not_started,crispy burger,ingredient_hub,9900.0,25.0,Tier 1,9900.0,Crispy Burger Recipe,seo_target,
4,not_started,neiman marcus chicken casserole,recipe_or_dish,9900.0,27.0,Tier 1,9900.0,Neiman Marcus Chicken Casserole Recipe,seo_target,
4,not_started,cashew butter,ingredient_hub,9900.0,23.0,Tier 1,9900.0,Cashew Butter Recipe,seo_target,
4,not_started,pastalaya,ingredient_hub,9900.0,21.0,Tier 1,9900.0,Pastalaya Recipe,seo_target,
4,not_started,baby food recipes,recipe_or_dish,9900.0,27.0,Tier 1,9900.0,Baby Food Recipe,seo_target,
4,not_started,pork shank,ingredient_hub,9900.0,17.0,Tier 1,9900.0,Pork Shank Recipe,seo_target,
4,not_started,garlic paste,ingredient_hub,9900.0,25.0,Tier 1,9900.0,Garlic Paste Recipe,seo_target,
4,not_started,frozen fruit,ingredient_hub,9900.0,27.0,Tier 1,9900.0,Frozen Fruit Recipe,seo_target,
4,not_started,how to boil apples for eating,howto_technique,9900.0,26.0,Tier 1,9900.0,Boil Apple Eating Recipe,seo_target,
4,not_started,white rum for pina colada,recipe_or_dish,9900.0,15.0,Tier 1,9900.0,White Rum Pina Colada Recipe,seo_target,
4,not_started,dandelion greens,ingredient_hub,9900.0,28.0,Tier 1,9900.0,Dandelion Greens Recipe,seo_target,
4,not_started,strawberry cake and cheesecake,recipe_or_dish,9900.0,26.0,Tier 1,9900.0,Strawberry Cake Cheesecake Recipe,seo_target,
4,not_started,applesauce muffins,ingredient_hub,9900.0,23.0,Tier 1,9900.0,Applesauce Muffin Recipe,seo_target,
4,not_started,mexican appetizers,ingredient_hub,9900.0,16.0,Tier 1,9900.0,Mexican Appetizer Recipe,seo_target,
4,not_started,Lamb Loin Chops,recipe_or_dish,9900.0,26.0,Tier 1,9900.0,Lamb Loin Chop Recipe,seo_target,
4,not_started,desiccated coconut,ingredient_hub,9900.0,17.0,Tier 1,9900.0,Desiccated Coconut Recipe,seo_target,
4,not_started,ravioli lasagna,ingredient_hub,9900.0,27.0,Tier 1,9900.0,Ravioli Lasagna Recipe,seo_target,
4,not_started,kiss snowball,ingredient_hub,9900.0,21.0,Tier 1,9900.0,Kiss Snowball Recipe,seo_target,
4,not_started,candied sweet potatoes,recipe_or_dish,9900.0,27.0,Tier 1,9900.0,Candied Sweet Potatoe Recipe,seo_target,
4,not_started,frozen yogurt frozen yogurt,recipe_or_dish,9900.0,28.0,Tier 1,9900.0,Frozen Yogurt Frozen Yogurt Recipe,seo_target,
4,not_started,southern comfort manhattan,recipe_or_dish,9900.0,28.0,Tier 1,9900.0,Southern Comfort Manhattan Recipe,seo_target,
4,not_started,healthiest fruits,ingredient_hub,9900.0,22.0,Tier 1,9900.0,Healthiest Fruit Recipe,seo_target,
4,not_started,strawberry compote,ingredient_hub,9900.0,25.0,Tier 1,9900.0,Strawberry Compote Recipe,seo_target,
4,not_started,gold rush cocktail,recipe_or_dish,9900.0,24.0,Tier 1,9900.0,Gold Rush Cocktail Recipe,seo_target,
4,not_started,how to tell if a mango is ripe,howto_technique,9900.0,13.0,Tier 1,9900.0,Tell If Mango Ripe Recipe,seo_target,
4,not_started,beets recipe,recipe_or_dish,9900.0,27.0,Tier 1,9900.0,Beet Recipe,seo_target,
4,not_started,peaches and pie,recipe_or_dish,9900.0,28.0,Tier 1,9900.0,Peache Pie Recipe,seo_target,
4,not_started,pickling spice,ingredient_hub,9900.0,27.0,Tier 1,9900.0,Pickling Spice Recipe,seo_target,
4,not_started,top round roast,recipe_or_dish,9900.0,15.0,Tier 1,9900.0,Top Round Roast Recipe,seo_target,
4,not_started,clark bar,ingredient_hub,9900.0,25.0,Tier 1,9900.0,Clark Bar Recipe,seo_target,
4,not_started,gumdrops,ingredient_hub,9900.0,29.0,Tier 1,9900.0,Gumdrop Recipe,seo_target,
4,not_started,vegan cream cheese,recipe_or_dish,9900.0,26.0,Tier 1,9900.0,Vegan Cream Cheese Recipe,seo_target,
4,not_started,philadelphia no bake cheesecake filling,recipe_or_dish,9900.0,26.0,Tier 1,9900.0,Philadelphia No Bake Cheesecake Filling Recipe,seo_target,
4,not_started,gluten free mac and cheese,recipe_or_dish,9900.0,21.0,Tier 1,9900.0,Gluten Free Macaroni Cheese Recipe,seo_target,
4,not_started,sirloin steak dishes,recipe_or_dish,9900.0,19.0,Tier 1,9900.0,Sirloin Steak Dishe Recipe,seo_target,
4,not_started,recipe for apple crumble using oats,recipe_or_dish,9900.0,25.0,Tier 1,9900.0,Apple Crumble Oats Recipe,seo_target,
4,not_started,cafeteria noodles,ingredient_hub,9900.0,23.0,Tier 1,9900.0,Cafeteria Noodles Recipe,seo_target,
4,not_started,whole grain mustard,recipe_or_dish,9900.0,15.0,Tier 1,9900.0,Whole Grain Mustard Recipe,seo_target,
4,not_started,crockpot pulled pork recipe,recipe_or_dish,9900.0,29.0,Tier 1,9900.0,Crockpot Pulled Pork Recipe,seo_target,
4,not_started,watermelon cake,ingredient_hub,9900.0,29.0,Tier 1,9900.0,Watermelon Cake Recipe,seo_target,
4,not_started,what is room temp,definition,9900.0,29.0,Tier 1,9900.0,What Is Room Temp? (And How to Use It),seo_target,
4,not_started,bionico,ingredient_hub,9900.0,23.0,Tier 1,9900.0,Bionico Recipe,seo_target,
4,not_started,paprika substitute,substitute,9900.0,26.0,Tier 1,9900.0,Best Substitutes for Paprika,seo_target,
4,not_started,how to make honey and mustard sauce,howto_technique,9900.0,24.0,Tier 1,9900.0,Honey Mustard Sauce Recipe,seo_target,
4,not_started,Croissant Bread,ingredient_hub,9900.0,22.0,Tier 1,9900.0,Croissant Bread Recipe,seo_target,
4,not_started,piccata sauce,ingredient_hub,9900.0,19.0,Tier 1,9900.0,Piccata Sauce Recipe,seo_target,
4,not_started,how to make quinoa,howto_technique,9900.0,29.0,Tier 1,9900.0,Quinoa Recipe,seo_target,
4,not_started,ling cod,ingredient_hub,9900.0,25.0,Tier 1,9900.0,ling cod,seo_target,allrecipes_mobile_find
4,not_started,black forest ham,recipe_or_dish,9900.0,13.0,Tier 1,9900.0,Black Forest Ham Recipe,seo_target,
4,not_started,cajun fries,ingredient_hub,9900.0,29.0,Tier 1,9900.0,Cajun Fries Recipe,seo_target,
4,not_started,difference between baking and roasting,recipe_or_dish,9900.0,28.0,Tier 1,9900.0,Baking vs. Roasting: What's the Difference?,seo_target,
4,not_started,bone in pork chop recipes,recipe_or_dish,9900.0,26.0,Tier 1,9900.0,Bone Pork Chop Recipe,seo_target,
4,not_started,gorgonzola sauce,ingredient_hub,9900.0,11.0,Tier 1,9900.0,Gorgonzola Sauce Recipe,seo_target,
4,not_started,plantain vs banana,comparison,9900.0,23.0,Tier 1,9900.0,Plantain vs. Banana: What's the Difference?,seo_target,
4,not_started,can you eat potatoes with sprouts,recipe_or_dish,9900.0,27.0,Tier 1,9900.0,Eat Potatoe Sprout Recipe,seo_target,
4,not_started,golden curry,ingredient_hub,9900.0,23.0,Tier 1,9900.0,Golden Curry Recipe,seo_target,
4,not_started,ham sandwich,ingredient_hub,9900.0,29.0,Tier 1,9900.0,Ham Sandwich Recipe,seo_target,
4,not_started,oshinko roll,ingredient_hub,9900.0,26.0,Tier 1,9900.0,Oshinko Roll Recipe,seo_target,
4,not_started,Sonic Ocean Water,recipe_or_dish,9900.0,22.0,Tier 1,9900.0,Sonic Ocean Water Recipe,seo_target,
4,not_started,million dollar chicken casserole,recipe_or_dish,9900.0,26.0,Tier 1,9900.0,Million Dollar Chicken Casserole Recipe,seo_target,
4,not_started,dubai chocolate cake,recipe_or_dish,9900.0,25.0,Tier 1,9900.0,Dubai Chocolate Cake Recipe,seo_target,
4,not_started,banana chips,ingredient_hub,9900.0,26.0,Tier 1,9900.0,Banana Chips Recipe,seo_target,
4,not_started,cookies and cream cookies,recipe_or_dish,9900.0,18.0,Tier 1,9900.0,Cookies Cream Cookies Recipe,seo_target,
4,not_started,how to cook steak in oven,howto_technique,9900.0,22.0,Tier 1,9900.0,Steak Oven Recipe,seo_target,
4,not_started,raspberry pie,ingredient_hub,9900.0,24.0,Tier 1,9900.0,Raspberry Pie Recipe,seo_target,
4,not_started,spice cake recipe,recipe_or_dish,9900.0,23.0,Tier 1,9900.0,Spice Cake Recipe,seo_target,
4,not_started,Stilton,ingredient_hub,9900.0,23.0,Tier 1,9900.0,Stilton Recipe,seo_target,
4,not_started,snow pea,ingredient_hub,9900.0,29.0,Tier 1,9900.0,Snow Pea Recipe,seo_target,
4,not_started,tuna salad,ingredient_hub,9900.0,27.0,Tier 1,9900.0,Tuna Salad Recipe,seo_target,
4,not_started,compari,ingredient_hub,9900.0,28.0,Tier 1,9900.0,Compari Recipe,seo_target,
4,not_started,yogurt beaten,ingredient_hub,9900.0,13.0,Tier 1,9900.0,Yogurt Beaten Recipe,seo_target,
4,not_started,how to make chicken broth,howto_technique,9900.0,27.0,Tier 1,9900.0,Chicken Broth Recipe,seo_target,
4,not_started,smoked turkey legs,recipe_or_dish,9900.0,26.0,Tier 1,9900.0,Smoked Turkey Leg Recipe,seo_target,
4,not_started,all purpose flour for focaccia,recipe_or_dish,9900.0,13.0,Tier 1,9900.0,All Purpose Flour Focaccia Recipe,seo_target,
4,not_started,kudos bars,ingredient_hub,9900.0,29.0,Tier 1,9900.0,Kudo Bar Recipe,seo_target,
4,not_started,bonet,ingredient_hub,9900.0,23.0,Tier 1,9900.0,Bonet Recipe,seo_target,
4,not_started,taco bake,ingredient_hub,9900.0,27.0,Tier 1,9900.0,Taco Bake Recipe,seo_target,
4,not_started,dall tadaka,ingredient_hub,9900.0,25.0,Tier 1,9900.0,Dall Tadaka Recipe,seo_target,
4,not_started,Whataburger Patty Melt,recipe_or_dish,9900.0,12.0,Tier 1,9900.0,Whataburger Patty Melt Recipe,seo_target,
4,not_started,What Does Ube Taste Like,recipe_or_dish,9900.0,14.0,Tier 1,9900.0,What Ube Taste Like Recipe,seo_target,
4,not_started,pickled ginger recipe,recipe_or_dish,9900.0,29.0,Tier 1,9900.0,pickled ginger recipe,seo_target,allrecipes_mobile_find
4,not_started,how to soften butter quickly,howto_technique,9900.0,27.0,Tier 1,9900.0,Soften Butter Quickly Recipe,seo_target,
4,not_started,coctel de camaron,recipe_or_dish,9900.0,29.0,Tier 1,9900.0,Coctel De Camaron Recipe,seo_target,
4,not_started,creamy pasta recipes,recipe_or_dish,9900.0,28.0,Tier 1,9900.0,Creamy Pasta Recipe,seo_target,
4,not_started,calabrian chili paste,recipe_or_dish,9900.0,17.0,Tier 1,9900.0,Calabrian Chili Paste Recipe,seo_target,
4,not_started,costillas,ingredient_hub,9900.0,29.0,Tier 1,9900.0,Costilla Recipe,seo_target,
4,not_started,cowboy cookies recipe,recipe_or_dish,9900.0,22.0,Tier 1,9900.0,Cowboy Cookies Recipe,seo_target,
4,not_started,how long to grill chicken thighs,howto_technique,9900.0,27.0,Tier 1,9900.0,Grill Chicken Thigh Recipe,seo_target,
4,not_started,honey bun cake,recipe_or_dish,9900.0,22.0,Tier 1,9900.0,Honey Bun Cake Recipe,seo_target,
4,not_started,whipped ricotta,ingredient_hub,9900.0,25.0,Tier 1,9900.0,Whipped Ricotta Recipe,seo_target,
4,not_started,fried chicken wings,recipe_or_dish,9900.0,27.0,Tier 1,9900.0,Fried Chicken Wings Recipe,seo_target,
4,not_started,praline pecans,ingredient_hub,9900.0,24.0,Tier 1,9900.0,praline pecans,seo_target,allrecipes_mobile_find
4,not_started,volcano roll,ingredient_hub,9900.0,16.0,Tier 1,9900.0,Volcano Roll Recipe,seo_target,
4,not_started,celery and celery seeds,recipe_or_dish,9900.0,14.0,Tier 1,9900.0,Celery Celery Seed Recipe,seo_target,
4,not_started,does olive oil go bad,recipe_or_dish,9900.0,28.0,Tier 1,9900.0,Olive Oil Go Bad Recipe,seo_target,
4,not_started,best tequila for margaritas,recipe_or_dish,9900.0,12.0,Tier 1,9900.0,Tequila Margarita Recipe,seo_target,
4,not_started,can you eat mango skin,recipe_or_dish,9900.0,28.0,Tier 1,9900.0,Eat Mango Skin Recipe,seo_target,
4,not_started,cumin powder,ingredient_hub,9900.0,24.0,Tier 1,9900.0,Cumin Powder Recipe,seo_target,
4,not_started,almonds to almond flour,recipe_or_dish,9900.0,24.0,Tier 1,9900.0,Almond Almond Flour Recipe,seo_target,
4,not_started,charro beans recipe,recipe_or_dish,9900.0,29.0,Tier 1,9900.0,Charro Beans Recipe,seo_target,
4,not_started,kalua pork recipe,recipe_or_dish,9900.0,17.0,Tier 1,9900.0,kalua pork recipe,seo_target,allrecipes_mobile_find
4,not_started,little blue menu,recipe_or_dish,9900.0,28.0,Tier 1,9900.0,little blue menu,seo_target,allrecipes_mobile_find
4,not_started,corkscrew pasta,ingredient_hub,9900.0,19.0,Tier 1,9900.0,Corkscrew Pasta Recipe,seo_target,
4,not_started,low sodium soy sauce,recipe_or_dish,9900.0,22.0,Tier 1,9900.0,Low Sodium Soy Sauce Recipe,seo_target,
4,not_started,celery seed,ingredient_hub,9900.0,19.0,Tier 1,9900.0,Celery Seed Recipe,seo_target,
4,not_started,crab boil recipe,recipe_or_dish,9900.0,28.0,Tier 1,9900.0,Crab Boil Recipe,seo_target,
4,not_started,ice cream toppings,recipe_or_dish,9900.0,16.0,Tier 1,9900.0,Ice Cream Topping Recipe,seo_target,
4,not_started,polynesian sauce,ingredient_hub,9900.0,26.0,Tier 1,9900.0,Polynesian Sauce Recipe,seo_target,
4,not_started,how many shots in a fifth,recipe_or_dish,9900.0,14.0,Tier 1,9900.0,How Many Shot Fifth Recipe,seo_target,
4,not_started,gluten free oatmeal,recipe_or_dish,9900.0,28.0,Tier 1,9900.0,Gluten Free Oatmeal Recipe,seo_target,
4,not_started,tacos de lengua,recipe_or_dish,9900.0,24.0,Tier 1,9900.0,Tacos De Lengua Recipe,seo_target,
4,not_started,White Castle Sliders,recipe_or_dish,9900.0,25.0,Tier 1,9900.0,White Castle Slider Recipe,seo_target,
4,not_started,baked potato in oven wrapped in foil,recipe_or_dish,9900.0,28.0,Tier 1,9900.0,Baked Potato Oven Wrapped Foil Recipe,seo_target,
4,not_started,what is the difference between baking and roasting,definition,9900.0,28.0,Tier 1,9900.0,What Is Difference Between Baking Roasting? (And How to Use It),seo_target,
4,not_started,boliche,ingredient_hub,9900.0,29.0,Tier 1,9900.0,Boliche Recipe,seo_target,
4,not_started,mexican salad,ingredient_hub,9900.0,25.0,Tier 1,9900.0,mexican salad,seo_target,allrecipes_mobile_find
4,not_started,mcdonald's new drinks,recipe_or_dish,9900.0,29.0,Tier 1,9900.0,mcdonald's new drinks,seo_target,brand_news_reactive
4,not_started,pearl couscous,ingredient_hub,9900.0,29.0,Tier 1,9900.0,Pearl Couscous Recipe,seo_target,
4,not_started,frozen yogurt,ingredient_hub,9900.0,28.0,Tier 1,9900.0,Frozen Yogurt Recipe,seo_target,
4,not_started,heavy cream for sour cream,recipe_or_dish,9900.0,23.0,Tier 1,9900.0,Heavy Cream Sour Cream Recipe,seo_target,
4,not_started,black pepper sauce,recipe_or_dish,9900.0,24.0,Tier 1,9900.0,Black Pepper Sauce Recipe,seo_target,
4,not_started,gimlet gin drink,recipe_or_dish,9900.0,21.0,Tier 1,9900.0,Gimlet Gin Drink Recipe,seo_target,
4,not_started,brown sauce,ingredient_hub,9900.0,29.0,Tier 1,9900.0,Brown Sauce Recipe,seo_target,
4,not_started,baoding balls,ingredient_hub,9900.0,29.0,Tier 1,9900.0,Baoding Ball Recipe,seo_target,
4,not_started,black sesame paste,recipe_or_dish,9900.0,21.0,Tier 1,9900.0,Black Sesame Paste Recipe,seo_target,
4,not_started,greek cuisine desserts,recipe_or_dish,9900.0,29.0,Tier 1,9900.0,Greek Cuisine Dessert Recipe,seo_target,
4,not_started,apple crumble with oats,recipe_or_dish,9900.0,29.0,Tier 1,9900.0,Apple Crumble Oats Recipe,seo_target,
4,not_started,gluten free biscuits,recipe_or_dish,9900.0,24.0,Tier 1,9900.0,Gluten Free Biscuit Recipe,seo_target,
4,not_started,bratwurst in air fryer,recipe_or_dish,9900.0,22.0,Tier 1,9900.0,bratwurst in air fryer,seo_target,allrecipes_mobile_find
4,not_started,brine turkey,ingredient_hub,9900.0,27.0,Tier 1,9900.0,brine turkey,seo_target,allrecipes_mobile_find
4,not_started,poppi lawsuit,ingredient_hub,9900.0,25.0,Tier 1,9900.0,poppi lawsuit,seo_target,brand_news_reactive
4,not_started,frozen wontons,ingredient_hub,9900.0,22.0,Tier 1,9900.0,Frozen Wonton Recipe,seo_target,
4,not_started,bone in prime rib roast,recipe_or_dish,9900.0,28.0,Tier 1,9900.0,Bone Prime Rib Roast Recipe,seo_target,
4,not_started,good roast,ingredient_hub,9900.0,29.0,Tier 1,9900.0,Good Roast Recipe,seo_target,
4,not_started,Recipes for a Turkey Roast,recipe_or_dish,9900.0,29.0,Tier 1,9900.0,Turkey Roast Recipe,seo_target,
4,not_started,Garlic Noodles Recipe,recipe_or_dish,9900.0,28.0,Tier 1,9900.0,Garlic Noodles Recipe,seo_target,
4,not_started,phyllo pastry dishes,recipe_or_dish,9900.0,17.0,Tier 1,9900.0,Phyllo Pastry Dishe Recipe,seo_target,
4,not_started,amatriciana pasta,ingredient_hub,9900.0,29.0,Tier 1,9900.0,Amatriciana Pasta Recipe,seo_target,
4,not_started,smoked ham hock,recipe_or_dish,9900.0,17.0,Tier 1,9900.0,Smoked Ham Hock Recipe,seo_target,
4,not_started,matilda cake,ingredient_hub,9900.0,28.0,Tier 1,9900.0,Matilda Cake Recipe,seo_target,
4,not_started,strawberry fruit drinks,recipe_or_dish,9900.0,24.0,Tier 1,9900.0,Strawberry Fruit Drink Recipe,seo_target,
4,not_started,stabilized whipped cream,recipe_or_dish,9900.0,24.0,Tier 1,9900.0,Stabilized Whipped Cream Recipe,seo_target,
4,not_started,bagel sandwich,ingredient_hub,9900.0,26.0,Tier 1,9900.0,Bagel Sandwich Recipe,seo_target,
4,not_started,dense bean salad recipe,recipe_or_dish,9900.0,25.0,Tier 1,9900.0,dense bean salad recipe,seo_target,allrecipes_mobile_find
4,not_started,colby jack,ingredient_hub,9900.0,24.0,Tier 1,9900.0,colby jack,seo_target,allrecipes_mobile_find
4,not_started,korean cuisine,ingredient_hub,9900.0,29.0,Tier 1,9900.0,Korean Recipes: Our Best Collection,seo_target,
4,not_started,milanesa de pollo,recipe_or_dish,9900.0,22.0,Tier 1,9900.0,Milanesa De Pollo Recipe,seo_target,
4,not_started,microwave oven sweet potato,recipe_or_dish,9900.0,29.0,Tier 1,9900.0,Microwave Oven Sweet Potato Recipe,seo_target,
4,not_started,in n out sauce,recipe_or_dish,9900.0,19.0,Tier 1,9900.0,N Out Sauce Recipe,seo_target,
4,not_started,puerto rican rice,recipe_or_dish,9900.0,18.0,Tier 1,9900.0,Puerto Rican Rice Recipe,seo_target,
4,not_started,no bake peanut butter cookies,recipe_or_dish,9900.0,26.0,Tier 1,9900.0,No-Bake Peanut Butter Cookies Recipe,seo_target,
4,not_started,smoked meatloaf,ingredient_hub,9900.0,28.0,Tier 1,9900.0,Smoked Meatloaf Recipe,seo_target,
4,not_started,cranberry relish recipe,recipe_or_dish,9900.0,28.0,Tier 1,9900.0,Cranberry Relish Recipe,seo_target,
4,not_started,skirt steak tacos,recipe_or_dish,9900.0,17.0,Tier 1,9900.0,Skirt Steak Tacos Recipe,seo_target,
4,not_started,how to eat pomegranate,howto_technique,9900.0,24.0,Tier 1,9900.0,Eat Pomegranate Recipe,seo_target,
4,not_started,chicken wings resto,recipe_or_dish,9900.0,19.0,Tier 1,9900.0,Chicken Wings Resto Recipe,seo_target,
4,not_started,flavoured italian ice,recipe_or_dish,9900.0,23.0,Tier 1,9900.0,Flavoured Italian Ice Recipe,seo_target,
4,not_started,halibut recipe,recipe_or_dish,9900.0,28.0,Tier 1,9900.0,halibut recipe,seo_target,allrecipes_mobile_find
4,not_started,french's onions,recipe_or_dish,9900.0,27.0,Tier 1,9900.0,french's onions,seo_target,allrecipes_mobile_find
4,not_started,fruit alcohol cocktail,recipe_or_dish,9900.0,27.0,Tier 1,9900.0,Fruit Alcohol Cocktail Recipe,seo_target,
4,not_started,dairy free cream cheese,recipe_or_dish,9900.0,20.0,Tier 1,9900.0,Dairy Free Cream Cheese Recipe,seo_target,
4,not_started,how to use a can opener,howto_technique,9900.0,27.0,Tier 1,9900.0,Use Opener Recipe,seo_target,
4,not_started,salted caramel sauce,recipe_or_dish,9900.0,28.0,Tier 1,9900.0,Salted Caramel Sauce Recipe,seo_target,
4,not_started,boilermaker drink,ingredient_hub,9900.0,26.0,Tier 1,9900.0,Boilermaker Drink Recipe,seo_target,
4,not_started,gin fizz gin,recipe_or_dish,9900.0,21.0,Tier 1,9900.0,Gin Fizz Gin Recipe,seo_target,
4,not_started,mini muffins,ingredient_hub,9900.0,29.0,Tier 1,9900.0,Mini Muffin Recipe,seo_target,
4,not_started,cooking wine,ingredient_hub,9900.0,17.0,Tier 1,9900.0,Cooking Wine Recipe,seo_target,
4,not_started,apple crisp recipe with oats,recipe_or_dish,9900.0,24.0,Tier 1,9900.0,Apple Crisp Oats Recipe,seo_target,
4,not_started,mantecadas,ingredient_hub,9900.0,26.0,Tier 1,9900.0,Mantecada Recipe,seo_target,
4,not_started,steak pizzaiola,ingredient_hub,9900.0,18.0,Tier 1,9900.0,Steak Pizzaiola Recipe,seo_target,
4,not_started,french's green bean casserole,recipe_or_dish,9900.0,29.0,Tier 1,9900.0,french's green bean casserole,seo_target,allrecipes_mobile_find
4,not_started,best donuts,ingredient_hub,9900.0,21.0,Tier 1,9900.0,best donuts,seo_target,allrecipes_mobile_find
4,not_started,long grain white rice,recipe_or_dish,9900.0,25.0,Tier 1,9900.0,Long Grain White Rice Recipe,seo_target,
4,not_started,how to make popcorn on the stove,howto_technique,9900.0,29.0,Tier 1,9900.0,Popcorn Stove Recipe,seo_target,
4,not_started,hamburger potato casserole,recipe_or_dish,9900.0,29.0,Tier 1,9900.0,Hamburger Potato Casserole Recipe,seo_target,
4,not_started,standing rib roast recipe,recipe_or_dish,9900.0,20.0,Tier 1,9900.0,Standing Rib Roast Recipe,seo_target,
4,not_started,congri,ingredient_hub,9900.0,18.0,Tier 1,9900.0,Congri Recipe,seo_target,
4,not_started,candied walnuts,ingredient_hub,9900.0,27.0,Tier 1,9900.0,Candied Walnut Recipe,seo_target,
4,not_started,aloo paratha,ingredient_hub,9900.0,25.0,Tier 1,9900.0,Aloo Paratha Recipe,seo_target,
4,not_started,healthy crockpot meals,recipe_or_dish,9900.0,23.0,Tier 1,9900.0,Healthy Crockpot Meal Recipe,seo_target,
4,not_started,ham and beans,recipe_or_dish,9900.0,29.0,Tier 1,9900.0,ham and beans,seo_target,allrecipes_mobile_find
4,not_started,swai swai fish,recipe_or_dish,9900.0,28.0,Tier 1,9900.0,swai swai fish,seo_target,allrecipes_mobile_find
4,not_started,libby pumpkin pie recipe,recipe_or_dish,9900.0,25.0,Tier 1,9900.0,libby pumpkin pie recipe,seo_target,allrecipes_mobile_find
4,not_started,galangal vs ginger,comparison,9900.0,27.0,Tier 1,9900.0,Galangal vs. Ginger: What's the Difference?,seo_target,
4,not_started,protein pretzels,ingredient_hub,9900.0,26.0,Tier 1,9900.0,Protein Pretzels Recipe,seo_target,
4,not_started,viral mango ice cream,recipe_or_dish,9900.0,28.0,Tier 1,9900.0,Viral Mango Ice Cream Recipe,seo_target,
4,not_started,wagyu burger,ingredient_hub,9900.0,26.0,Tier 1,9900.0,Wagyu Burger Recipe,seo_target,
4,not_started,mexican chicken recipes,recipe_or_dish,9900.0,29.0,Tier 1,9900.0,Mexican Chicken Recipe,seo_target,
4,not_started,chickpeas garbanzo beans recipe,recipe_or_dish,9900.0,25.0,Tier 1,9900.0,Chickpeas Garbanzo Beans Recipe,seo_target,
4,not_started,olive garden salad recipe,recipe_or_dish,9900.0,28.0,Tier 1,9900.0,Olive Garden Salad Recipe,seo_target,
4,not_started,cristalino tequila,ingredient_hub,9900.0,27.0,Tier 1,9900.0,Cristalino Tequila Recipe,seo_target,
4,not_started,hoe cakes,ingredient_hub,9900.0,23.0,Tier 1,9900.0,Hoe Cake Recipe,seo_target,
4,not_started,upper crust bakery bread recall glass,recipe_or_dish,9900.0,25.0,Tier 1,9900.0,upper crust bakery bread recall glass,seo_target,brand_news_reactive
4,not_started,granny smith apple,recipe_or_dish,9900.0,23.0,Tier 1,9900.0,granny smith apple,seo_target,allrecipes_mobile_find
4,not_started,smoked tri tip,recipe_or_dish,9900.0,26.0,Tier 1,9900.0,Smoked Tri Tip Recipe,seo_target,
4,not_started,chinese 5 spice,recipe_or_dish,9900.0,24.0,Tier 1,9900.0,Chinese 5 Spice Recipe,seo_target,
4,not_started,sweet cornbread recipe,recipe_or_dish,9900.0,29.0,Tier 1,9900.0,Sweet Cornbread Recipe,seo_target,
4,not_started,granulated garlic,ingredient_hub,9900.0,21.0,Tier 1,9900.0,Granulated Garlic Recipe,seo_target,
4,not_started,low carb breakfast ideas,recipe_or_dish,9900.0,28.0,Tier 1,9900.0,Low Carb Breakfast Idea Recipe,seo_target,
4,not_started,how to tell if ground beef is bad,howto_technique,9900.0,22.0,Tier 1,9900.0,how to tell if ground beef is bad,seo_target,allrecipes_mobile_find
4,not_started,snow cone syrup,recipe_or_dish,9900.0,25.0,Tier 1,9900.0,snow cone syrup,seo_target,allrecipes_mobile_find
4,not_started,butterfinger marshmallow,ingredient_hub,9900.0,27.0,Tier 1,9900.0,butterfinger marshmallow,seo_target,allrecipes_mobile_find
4,not_started,what do turkeys eat,recipe_or_dish,9900.0,27.0,Tier 1,9900.0,What Turkey Eat Recipe,seo_target,
4,not_started,dried cranberries,ingredient_hub,9900.0,27.0,Tier 1,9900.0,Dried Cranberry Recipe,seo_target,
4,not_started,medicine ball tea,recipe_or_dish,9900.0,18.0,Tier 1,9900.0,Medicine Ball Tea Recipe,seo_target,
4,not_started,thit kho,ingredient_hub,9900.0,29.0,Tier 1,9900.0,Thit Kho Recipe,seo_target,
4,not_started,low fodmap vegetables,recipe_or_dish,9900.0,24.0,Tier 1,9900.0,Low Fodmap Vegetable Recipe,seo_target,
4,not_started,mung bean noodles,recipe_or_dish,9900.0,28.0,Tier 1,9900.0,Mung Bean Noodles Recipe,seo_target,
4,not_started,canned peaches,ingredient_hub,9900.0,25.0,Tier 1,9900.0,Canned Peache Recipe,seo_target,
4,not_started,cheesecake ball,ingredient_hub,9900.0,17.0,Tier 1,9900.0,Cheesecake Ball Recipe,seo_target,
4,not_started,cranberry beans,ingredient_hub,9900.0,21.0,Tier 1,9900.0,Cranberry Beans Recipe,seo_target,
4,not_started,colorado bulldog,ingredient_hub,9900.0,25.0,Tier 1,9900.0,Colorado Bulldog Recipe,seo_target,
4,not_started,kentucky mule,ingredient_hub,9900.0,26.0,Tier 1,9900.0,Kentucky Mule Recipe,seo_target,
4,not_started,ube vs taro,comparison,9900.0,21.0,Tier 1,9900.0,Ube vs. Taro: What's the Difference?,seo_target,
4,not_started,what is durian,definition,9900.0,21.0,Tier 1,9900.0,What Is Durian? (And How to Use It),seo_target,
4,not_started,what is tequila made from,definition,9900.0,28.0,Tier 1,9900.0,What Is Tequila Made From? (And How to Use It),seo_target,
4,not_started,burger temperature,ingredient_hub,9900.0,26.0,Tier 1,9900.0,Burger Temperature Recipe,seo_target,
4,not_started,canned tuna for tuna salad,recipe_or_dish,9900.0,27.0,Tier 1,9900.0,canned tuna for tuna salad,seo_target,allrecipes_mobile_find
4,not_started,brigadeiro recipe,recipe_or_dish,9900.0,29.0,Tier 1,9900.0,Brigadeiro Recipe,seo_target,
4,not_started,cheese stick,ingredient_hub,9900.0,21.0,Tier 1,9900.0,Cheese Stick Recipe,seo_target,
4,not_started,shawarma seasoning,ingredient_hub,9900.0,27.0,Tier 1,9900.0,Shawarma Seasoning Recipe,seo_target,
4,not_started,ginger shot recipe,recipe_or_dish,9900.0,24.0,Tier 1,9900.0,Ginger Shot Recipe,seo_target,
4,not_started,hawaiian bread,ingredient_hub,9900.0,29.0,Tier 1,9900.0,hawaiian bread,seo_target,allrecipes_mobile_find
4,not_started,jalapeno spicy scale,recipe_or_dish,9900.0,24.0,Tier 1,9900.0,jalapeno spicy scale,seo_target,allrecipes_mobile_find
4,not_started,8x8 pan,recipe_or_dish,9900.0,29.0,Tier 1,9900.0,8x8 Pan Recipe,seo_target,
4,not_started,penne noodles,ingredient_hub,9900.0,25.0,Tier 1,9900.0,Penne Noodles Recipe,seo_target,
4,not_started,white american cheese,recipe_or_dish,9900.0,17.0,Tier 1,9900.0,White American Cheese Recipe,seo_target,
4,not_started,what is branzino,definition,9900.0,29.0,Tier 1,9900.0,What Is Branzino? (And How to Use It),seo_target,
4,not_started,chocolate gravy recipe,recipe_or_dish,9900.0,29.0,Tier 1,9900.0,Chocolate Gravy Recipe,seo_target,
4,not_started,chinese donuts,ingredient_hub,9900.0,15.0,Tier 1,9900.0,Chinese Donut Recipe,seo_target,
4,not_started,manhattan clam chowder,recipe_or_dish,9900.0,21.0,Tier 1,9900.0,Manhattan Clam Chowder Recipe,seo_target,
4,not_started,deli sandwich,ingredient_hub,9900.0,29.0,Tier 1,9900.0,Deli Sandwich Recipe,seo_target,
4,not_started,smoked pork chops,recipe_or_dish,9900.0,24.0,Tier 1,9900.0,Smoked Pork Chop Recipe,seo_target,
4,not_started,cacahuate,ingredient_hub,9900.0,25.0,Tier 1,9900.0,Cacahuate Recipe,seo_target,
4,not_started,pizza puff,ingredient_hub,9900.0,23.0,Tier 1,9900.0,Pizza Puff Recipe,seo_target,
4,not_started,seafood boil seasoning,recipe_or_dish,9900.0,22.0,Tier 1,9900.0,seafood boil seasoning,seo_target,allrecipes_mobile_find
4,not_started,salmon nigiri,ingredient_hub,9900.0,27.0,Tier 1,9900.0,Salmon Nigiri Recipe,seo_target,
4,not_started,bowl mixture,ingredient_hub,9900.0,26.0,Tier 1,9900.0,Bowl Mixture Recipe,seo_target,
4,not_started,burger bun recipe,recipe_or_dish,9900.0,29.0,Tier 1,9900.0,Burger Bun Recipe,seo_target,
4,not_started,sugar free popsicles,recipe_or_dish,9900.0,26.0,Tier 1,9900.0,Sugar Free Popsicle Recipe,seo_target,
4,not_started,are oreos vegan,recipe_or_dish,9900.0,26.0,Tier 1,9900.0,are oreos vegan,seo_target,allrecipes_mobile_find
4,not_started,sunshine bowl,ingredient_hub,9900.0,7.0,Tier 1,9900.0,Sunshine Bowl Recipe,seo_target,
4,not_started,chocolate souffle,ingredient_hub,9900.0,27.0,Tier 1,9900.0,Chocolate Souffle Recipe,seo_target,
4,not_started,giblet gravy recipe,recipe_or_dish,9900.0,28.0,Tier 1,9900.0,Giblet Gravy Recipe,seo_target,
4,not_started,egg & chicken,recipe_or_dish,9900.0,27.0,Tier 1,9900.0,Egg Chicken Recipe,seo_target,
4,not_started,do vegetarians eat eggs,recipe_or_dish,9900.0,27.0,Tier 1,9900.0,Vegetarian Eat Egg Recipe,seo_target,
4,not_started,mccormick 4 new bbq sauces,recipe_or_dish,9900.0,29.0,Tier 1,9900.0,mccormick 4 new bbq sauces,seo_target,brand_news_reactive
4,not_started,are oreos are vegan,recipe_or_dish,9900.0,21.0,Tier 1,9900.0,are oreos are vegan,seo_target,allrecipes_mobile_find
4,not_started,baleada,ingredient_hub,9900.0,25.0,Tier 1,9900.0,baleada,seo_target,allrecipes_mobile_find
4,not_started,beer batter recipe,recipe_or_dish,9900.0,22.0,Tier 1,9900.0,Beer Batter Recipe,seo_target,
4,not_started,cream cheese frosting for cinnamon rolls,recipe_or_dish,9900.0,29.0,Tier 1,9900.0,Cream Cheese Frosting Cinnamon Roll Recipe,seo_target,
4,not_started,what are chicken gizzards,recipe_or_dish,9900.0,12.0,Tier 1,9900.0,what are chicken gizzards,seo_target,allrecipes_mobile_find
4,not_started,Taco Bowl Recipe,recipe_or_dish,9900.0,27.0,Tier 1,9900.0,Taco Bowl Recipe,seo_target,
4,not_started,orzo rice,ingredient_hub,9900.0,29.0,Tier 1,9900.0,Orzo Rice Recipe,seo_target,
4,not_started,toddler lunch ideas,recipe_or_dish,9900.0,17.0,Tier 1,9900.0,Toddler Lunch Idea Recipe,seo_target,
4,not_started,garlic knots recipe,recipe_or_dish,9900.0,28.0,Tier 1,9900.0,Garlic Knot Recipe,seo_target,
4,not_started,chicken brine recipe,recipe_or_dish,9900.0,29.0,Tier 1,9900.0,Chicken Brine Recipe,seo_target,
4,not_started,honey roasted peanuts,recipe_or_dish,9900.0,19.0,Tier 1,9900.0,Honey Roasted Peanut Recipe,seo_target,
4,not_started,taco meat,ingredient_hub,9900.0,29.0,Tier 1,9900.0,taco meat,seo_target,allrecipes_mobile_find
4,not_started,dairy free milk alternatives,recipe_or_dish,9900.0,28.0,Tier 1,9900.0,Dairy Free Milk Alternative Recipe,seo_target,
4,not_started,murasaki sweet potato,recipe_or_dish,9900.0,14.0,Tier 1,9900.0,Murasaki Sweet Potato Recipe,seo_target,
4,not_started,protein muffins,ingredient_hub,9900.0,25.0,Tier 1,9900.0,Protein Muffin Recipe,seo_target,
4,not_started,little debbie new donut flavor,recipe_or_dish,9900.0,28.0,Tier 1,9900.0,little debbie new donut flavor,seo_target,brand_news_reactive
4,not_started,pasteles puerto rico,recipe_or_dish,9900.0,29.0,Tier 1,9900.0,pasteles puerto rico,seo_target,allrecipes_mobile_find
4,not_started,Jamon Serrano,ingredient_hub,9900.0,22.0,Tier 1,9900.0,Jamon Serrano Recipe,seo_target,
4,not_started,bourbon old fashioned,recipe_or_dish,9900.0,21.0,Tier 1,9900.0,Bourbon Old Fashioned Recipe,seo_target,
4,not_started,are marshmallows gluten free,recipe_or_dish,9900.0,18.0,Tier 1,9900.0,Are Marshmallow Gluten Free Recipe,seo_target,
4,not_started,beef tallow fries,recipe_or_dish,9900.0,14.0,Tier 1,9900.0,Beef Tallow Fries Recipe,seo_target,
4,not_started,egg beaters,ingredient_hub,9900.0,29.0,Tier 1,9900.0,egg beaters,seo_target,allrecipes_mobile_find
4,not_started,hush puppies,ingredient_hub,9900.0,13.0,Tier 1,9900.0,Hush Puppy Recipe,seo_target,
4,not_started,how to make black food coloring,howto_technique,9900.0,28.0,Tier 1,9900.0,Black Food Coloring Recipe,seo_target,
4,not_started,are corn tortillas gluten free,recipe_or_dish,9900.0,21.0,Tier 1,9900.0,Are Corn Tortilla Gluten Free Recipe,seo_target,
4,not_started,instant pot beef stew recipe,recipe_or_dish,9900.0,28.0,Tier 1,9900.0,instant pot beef stew recipe,seo_target,allrecipes_mobile_find
4,not_started,grapefruit soda,ingredient_hub,9900.0,12.0,Tier 1,9900.0,Grapefruit Soda Recipe,seo_target,
4,not_started,chinola fruit,ingredient_hub,9900.0,11.0,Tier 1,9900.0,Chinola Fruit Recipe,seo_target,
4,not_started,bacon wrapped water chestnuts,recipe_or_dish,9900.0,26.0,Tier 1,9900.0,Bacon Wrapped Water Chestnut Recipe,seo_target,
4,not_started,how to make glutinous rice,howto_technique,9900.0,26.0,Tier 1,9900.0,Glutinous Rice Recipe,seo_target,
4,not_started,protein brownies,ingredient_hub,9900.0,26.0,Tier 1,9900.0,Protein Browny Recipe,seo_target,
4,not_started,turkey seasoning,ingredient_hub,9900.0,26.0,Tier 1,9900.0,Turkey Seasoning Recipe,seo_target,
4,not_started,non dairy ice cream,recipe_or_dish,9900.0,23.0,Tier 1,9900.0,Non Dairy Ice Cream Recipe,seo_target,
4,not_started,aperol spritzer,ingredient_hub,9900.0,25.0,Tier 1,9900.0,Aperol Spritzer Recipe,seo_target,
4,not_started,st louis ribs,recipe_or_dish,9900.0,29.0,Tier 1,9900.0,St Louis Ribs Recipe,seo_target,
4,not_started,spiralized pasta,ingredient_hub,9900.0,29.0,Tier 1,9900.0,Spiralized Pasta Recipe,seo_target,
4,not_started,pangrattato,ingredient_hub,9900.0,20.0,Tier 1,9900.0,Pangrattato Recipe,seo_target,
4,not_started,Coquito Coquito,ingredient_hub,9900.0,28.0,Tier 1,9900.0,Coquito Coquito Recipe,seo_target,
4,not_started,pear juice,ingredient_hub,9900.0,20.0,Tier 1,9900.0,Pear Juice Recipe,seo_target,
4,not_started,kamaboko,ingredient_hub,9900.0,22.0,Tier 1,9900.0,Kamaboko Recipe,seo_target,
4,not_started,juicing a tomato,recipe_or_dish,9900.0,17.0,Tier 1,9900.0,Juicing Tomato Recipe,seo_target,
4,not_started,sopressata,ingredient_hub,9900.0,23.0,Tier 1,9900.0,Sopressata Recipe,seo_target,
4,not_started,ground beef lean,recipe_or_dish,9900.0,23.0,Tier 1,9900.0,Ground Beef Lean Recipe,seo_target,
4,not_started,spanish foods,ingredient_hub,9900.0,29.0,Tier 1,9900.0,Spanish Food Recipe,seo_target,
4,not_started,make ahead mashed potatoes,recipe_or_dish,9900.0,27.0,Tier 1,9900.0,Make Ahead Mashed Potatoe Recipe,seo_target,
4,not_started,tiger shrimp,ingredient_hub,9900.0,17.0,Tier 1,9900.0,Tiger Shrimp Recipe,seo_target,
4,not_started,white chocolate mocha,recipe_or_dish,9900.0,22.0,Tier 1,9900.0,White Chocolate Mocha Recipe,seo_target,
4,not_started,brisket sandwich,ingredient_hub,9900.0,26.0,Tier 1,9900.0,Brisket Sandwich Recipe,seo_target,
4,not_started,turtles candy,ingredient_hub,9900.0,19.0,Tier 1,9900.0,Turtle Candy Recipe,seo_target,
4,not_started,chia seeds for smoothie,recipe_or_dish,9900.0,23.0,Tier 1,9900.0,Chia Seed Smoothie Recipe,seo_target,
4,not_started,mexican cornbread,ingredient_hub,9900.0,25.0,Tier 1,9900.0,Mexican Cornbread Recipe,seo_target,
4,not_started,country style ribs recipe,recipe_or_dish,9900.0,27.0,Tier 1,9900.0,country style ribs recipe,seo_target,allrecipes_mobile_find
4,not_started,purple cabbage,ingredient_hub,9900.0,27.0,Tier 1,9900.0,purple cabbage,seo_target,allrecipes_mobile_find
4,not_started,caramel caramel cake,recipe_or_dish,9900.0,26.0,Tier 1,9900.0,Caramel Caramel Cake Recipe,seo_target,
4,not_started,sub italiani,ingredient_hub,9900.0,29.0,Tier 1,9900.0,Sub Italiani Recipe,seo_target,
4,not_started,is pepperoni pork,recipe_or_dish,9900.0,25.0,Tier 1,9900.0,is pepperoni pork,seo_target,allrecipes_mobile_find
4,not_started,noodle pudding,ingredient_hub,9900.0,13.0,Tier 1,9900.0,Noodle Pudding Recipe,seo_target,
4,not_started,Naengmyeon,ingredient_hub,9900.0,25.0,Tier 1,9900.0,Naengmyeon Recipe,seo_target,
4,not_started,brisket in the oven,recipe_or_dish,9900.0,19.0,Tier 1,9900.0,Brisket Oven Recipe,seo_target,
4,not_started,canned bread,ingredient_hub,9900.0,29.0,Tier 1,9900.0,Canned Bread Recipe,seo_target,
4,not_started,onion soup mix,recipe_or_dish,9900.0,16.0,Tier 1,9900.0,Onion Soup Mix Recipe,seo_target,
4,not_started,cardiologists thanksgiving food avoid,recipe_or_dish,9900.0,24.0,Tier 1,9900.0,Cardiologist Thanksgiving Food Avoid Recipe,seo_target,
4,not_started,chicken stuffing casserole,recipe_or_dish,9900.0,28.0,Tier 1,9900.0,Chicken Stuffing Casserole Recipe,seo_target,
4,not_started,turkey chops,ingredient_hub,9900.0,19.0,Tier 1,9900.0,Turkey Chop Recipe,seo_target,
4,not_started,how to cut watermelon,howto_technique,9900.0,16.0,Tier 1,9900.0,how to cut watermelon,seo_target,keyword_gap_find
4,not_started,swordfish recipes,category_roundup,9900.0,28.0,Tier 1,9900.0,swordfish recipes,seo_target,keyword_gap_find
4,not_started,indian flatbread,ingredient_hub,9900.0,25.0,Tier 1,9900.0,Indian Flatbread Recipe,seo_target,
4,not_started,idaho potatoes,ingredient_hub,9900.0,14.0,Tier 1,9900.0,Idaho Potatoe Recipe,seo_target,
4,not_started,hoja santa,ingredient_hub,9900.0,27.0,Tier 1,9900.0,"Hoja Santa: Uses, Substitutes & Recipes",seo_target,cuisine_specialty
4,not_started,fruity pebbles drink,recipe_or_dish,9900.0,27.0,Tier 1,9900.0,Fruity Pebble Drink Recipe,seo_target,
